{"cameraMode":{"drawMode":0,"name":"Shaded","section":"Shading Mode"},"sceneLighting":true,"audioPlay":false,"sceneViewState":{"m_AlwaysRefresh":false,"showFog":true,"showSkybox":true,"showFlares":true,"showImageEffects":true,"showParticleSystems":true,"showVisualEffectGraphs":true,"m_FxEnabled":true},"in2DMode":false,"pivot":{"x":22.357925415039064,"y":15.36933708190918,"z":26.223875045776368},"rotation":{"x":0.027173619717359544,"y":0.9050126075744629,"z":-0.4205447733402252,"w":0.05844074860215187},"size":0.8660253882408142,"orthographic":false}