{"cameraMode":{"drawMode":0,"name":"Shaded","section":"Shading Mode"},"sceneLighting":true,"audioPlay":false,"sceneViewState":{"m_AlwaysRefresh":false,"showFog":true,"showSkybox":true,"showFlares":true,"showImageEffects":true,"showParticleSystems":true,"showVisualEffectGraphs":true,"m_FxEnabled":true},"in2DMode":false,"pivot":{"x":-0.7954472303390503,"y":0.21094852685928346,"z":1.0377806425094605},"rotation":{"x":0.12248647212982178,"y":-0.4304361939430237,"z":0.059068381786346439,"w":0.8923277258872986},"size":1.9478833675384522,"orthographic":false}